Category,Veg,F,df1,df2,p,sig,omega_sq
Veg,DBF,17.57920484168937,2,8420,2.4062650391822863e-8,***,0.003921214347806936
Veg,ENF,18.02447535079781,2,7809,1.549111119577155e-8,***,0.004339630164880752
Veg,GRA,35.57629211139223,2,17789,3.8039096399217017e-16,***,0.003871675352231676
Veg,SHR,31.684414236847033,2,15614,1.851319507377408e-14,***,0.003914235539748326
